DX_bl,AGE,PTGENDER,PTEDUCAT,FDG,AV45,HippoNV,e2_1,e4_1,rs3818361,rs744373,rs11136000,rs610932,rs3851179,rs3764650,rs3865444,MMSCORE,TOTAL13,ID
0,71.7,2,14,6.82111,1.105695,0.529299363,1,0,1,1,1,1,1,0,0,26,8,1
0,77.7,1,18,6.36744,1.105695,0.537761194,0,0,1,0,1,1,0,0,1,30,1.67,2
0,72.8,2,18,6.36744,1.105695,0.268881579,0,1,1,1,1,0,1,0,1,30,12,3
0,69.6,1,13,6.36744,1.105695,0.576212121,0,0,1,1,1,1,0,0,0,28,3,4
0,70.9,1,13,6.36744,1.105695,0.600731707,1,0,1,1,1,0,0,0,0,29,10,5
0,65.1,2,20,6.36744,1.105695,0.494423077,0,1,1,0,0,1,1,0,0,30,3.67,6
0,79.6,2,20,6.62402,1.105695,0.412430939,0,1,1,1,0,1,0,0,1,30,4,7
1,73.6,2,18,6.13884,1.105695,0.386213018,0,1,1,1,1,1,0,0,1,27,11,8
0,60.7,1,19,6.36744,1.105695,0.504026846,0,1,0,0,0,0,1,0,1,28,3,9
0,70.6,2,18,6.00322,1.105695,0.485588235,1,1,0,1,0,1,0,0,0,30,9,10
0,80.4,2,20,6.36744,1.105695,0.474395833,0,1,0,1,1,1,0,0,1,29,12.33,11
0,72,2,20,6.04444,1.105695,0.500573248,0,1,0,0,1,1,1,0,0,30,13.33,12
0,73.3,2,20,6.65122,1.105695,0.410780142,0,0,0,1,1,1,0,0,0,30,5,13
0,70.6,2,17,6.36744,1.105695,0.47738255,0,0,0,0,0,1,0,1,0,29,10.67,14
0,73.1,2,16,5.89721,1.105695,0.474395833,0,1,0,0,1,0,1,1,1,30,7,15
0,82.3,1,18,7.73883,1.105695,0.474395833,0,1,1,0,0,0,1,0,0,29,-4,16
1,73.9,2,12,6.29833,1.105695,0.349221557,0,1,1,1,1,0,0,1,0,27,22.33,17
0,70.6,1,18,6.36744,1.105695,0.545,1,0,0,0,1,0,1,0,0,29,12.67,18
1,73.2,2,18,5.78602,1.105695,0.421272727,1,0,0,0,0,1,0,0,0,30,14.67,19
0,80.4,1,16,6.36744,1.105695,0.485875,0,1,0,1,1,1,0,0,1,27,9.67,20
0,78.5,1,6,6.36744,1.105695,0.457067669,0,1,0,0,0,1,1,0,0,29,6.67,21
0,70.4,1,19,6.21394,1.105695,0.499745223,0,1,1,1,0,1,0,0,1,30,4.67,22
0,79.4,2,16,6.90705,1.105695,0.457419355,0,0,0,0,1,0,1,1,1,30,10.33,23
0,78.5,2,19,6.36744,1.105695,0.521986755,1,0,0,0,1,0,1,0,0,28,21,24
1,64.6,1,14,6.36744,1.105695,0.37829932,0,0,0,0,0,0,1,0,0,27,22,25
1,77,1,14,5.7769,1.105695,0.434206349,0,0,0,1,1,1,1,0,0,29,9.67,26
1,74.5,2,17,6.14102,1.105695,0.448888889,0,0,0,0,0,1,1,0,0,29,26,27
0,70.5,2,15,6.36744,1.105695,0.426424242,0,0,1,1,1,1,1,0,0,28,9,28
0,76.3,1,16,6.36744,1.105695,0.4315625,0,0,0,0,1,0,0,0,1,29,4.33,29
0,75.6,1,14,7.24545,1.105695,0.432816901,0,0,0,1,1,1,1,0,1,29,7,30
0,73.5,1,20,6.36744,1.105695,0.532432432,0,1,1,0,1,1,1,0,0,30,6,31
0,70.3,2,12,6.48503,1.105695,0.472530864,0,1,0,1,1,1,1,0,1,25,7.33,32
0,71.8,2,19,6.36744,1.105695,0.43247191,0,0,1,0,1,1,1,0,1,29,9.33,33
1,60.1,1,19,5.79341,1.105695,0.373445946,0,1,0,0,1,1,0,0,0,27,23.67,34
0,70.7,2,17,6.36744,1.105695,0.558150685,0,0,0,1,0,1,1,1,1,29,13,35
0,79,2,20,7.15826,1.105695,0.389679487,0,0,0,1,0,1,1,0,0,29,7,36
0,74.8,2,16,6.00421,1.105695,0.51442953,0,0,0,0,0,0,1,0,0,29,8,37
1,83.2,2,16,7.36758,1.105695,0.367037037,0,1,0,1,1,0,0,0,1,25,19.67,38
1,75,2,14,6.36744,1.105695,0.349144385,0,0,0,0,1,1,1,0,1,28,14.33,39
0,72.1,2,18,6.36744,1.105695,0.474395833,0,0,0,0,1,1,0,1,1,30,16.67,40
1,73.5,2,12,6.36744,1.105695,0.474395833,0,0,1,1,1,1,1,0,1,27,17.67,41
1,61,1,12,6.36744,1.105695,0.47556338,0,0,0,1,1,1,0,0,0,27,24.67,42
1,77.8,2,8,5.97403,1.105695,0.450344828,0,0,1,1,0,1,0,0,0,28,9.33,43
0,89.6,1,16,6.36744,1.105695,0.470196078,0,0,0,0,0,0,1,1,0,30,6.67,44
1,70.1,2,12,5.9262,1.105695,0.474395833,0,0,0,1,1,1,1,0,0,26,16.67,45
0,73.8,1,18,6.04033,1.105695,0.481741935,0,1,0,0,1,1,0,0,1,30,11.67,46
0,72.4,2,13,8.17228,1.105695,0.474395833,0,0,0,0,0,0,1,0,0,28,9.33,47
0,74,2,12,6.86317,1.105695,0.474395833,0,1,0,1,1,0,1,0,1,29,13,48
1,72.7,2,14,6.36744,1.105695,0.36797546,0,0,0,0,0,1,1,0,1,26,27.33,49
1,65.3,1,12,5.4007,1.105695,0.475244755,0,0,0,1,1,1,0,0,0,25,16,50
1,74.4,2,12,5.3753,1.105695,0.474395833,0,0,0,1,1,1,1,0,1,29,26.33,51
0,71.4,1,16,6.36744,1.105695,0.479395973,0,0,0,0,0,0,1,0,0,29,9,52
0,77.9,2,16,5.85393,1.105695,0.514797297,0,0,0,0,1,1,1,0,0,30,9.33,53
1,76.8,2,20,6.36304,1.105695,0.404692737,0,0,1,0,1,0,0,0,1,28,17,54
0,84.3,1,16,6.36744,1.105695,0.474395833,0,0,0,0,0,0,1,0,1,29,5,55
1,55.1,1,18,5.66331,1.105695,0.524736842,0,0,0,0,1,0,1,0,0,27,11.33,56
1,74.2,2,20,5.77355,1.105695,0.320869565,0,0,0,0,0,1,0,0,0,26,21,57
0,78.3,1,13,6.36744,1.105695,0.549,0,1,0,1,1,1,1,1,1,29,12.67,58
1,67.4,2,20,5.25884,1.105695,0.434728261,0,0,0,0,0,0,1,0,1,28,10,59
1,68.5,2,16,6.64435,1.105695,0.388914286,0,0,1,0,1,1,1,0,0,25,19,60
0,82.6,1,14,6.36744,1.105695,0.474395833,0,1,1,1,1,0,0,0,0,26,9.67,61
1,71.6,2,20,6.36744,1.105695,0.320909091,0,1,1,1,0,1,0,0,0,25,17.67,62
1,69,1,8,6.36744,1.105695,0.470559441,0,0,1,0,1,0,0,0,0,26,17.33,63
1,78.4,1,19,5.74861,1.105695,0.462191781,0,1,1,0,1,1,0,1,1,29,18.33,64
0,72,1,15,6.36744,1.105695,0.532348485,0,1,0,1,0,1,0,1,1,29,10,65
1,68.9,1,18,6.36744,1.105695,0.514460432,0,1,0,0,0,1,1,0,0,26,25,66
1,71.1,1,18,5.88422,1.105695,0.429393939,0,1,1,0,1,1,0,0,0,29,28.33,67
1,76.4,2,12,6.36744,1.105695,0.406628571,0,1,0,0,0,1,1,0,1,28,16.67,68
0,72.9,2,14,6.36744,1.105695,0.442701149,0,0,0,0,1,1,1,0,1,29,5.67,69
0,82.7,2,20,6.36744,1.105695,0.474395833,1,0,0,0,1,1,1,0,1,28,9.33,70
1,73.4,2,20,6.36744,1.105695,0.399642857,1,0,0,0,1,0,0,0,1,27,7.33,71
0,85.9,2,16,6.36744,1.105695,0.474395833,0,1,1,0,1,1,1,1,1,30,13.67,72
1,77.9,2,17,6.08557,1.105695,0.409726776,0,1,1,1,0,0,0,0,0,28,14.67,73
0,64.8,2,16,6.04598,0.978453,0.534228188,0,0,1,0,1,1,0,0,0,28,4,74
0,62.9,1,20,6.58004,1.14728,0.575827338,0,1,1,1,1,1,0,0,1,30,6,75
0,76.4,1,18,6.59618,1.05252,0.514834437,0,0,0,0,1,0,0,0,0,29,10,76
0,66,2,18,6.01197,1.31359,0.533869048,0,1,1,1,0,1,1,1,0,29,6,77
0,82.5,1,14,6.57309,1.00942,0.453188406,0,0,0,0,1,1,1,1,0,28,8,78
0,61.9,1,14,7.06138,1.02998,0.552740741,0,0,1,0,0,1,1,0,1,30,6,79
0,72.5,2,16,6.7277,0.985309,0.4788,0,0,0,1,1,1,1,1,0,27,10,80
0,66.7,1,14,6.4689,1.03008,0.550070423,0,0,0,1,1,0,0,0,1,28,5,81
1,69.5,2,20,6.06602,1.06558,0.311626506,0,0,0,0,1,1,0,0,0,30,18,82
1,72.3,2,16,6.09173,1.50681,0.42,0,1,1,1,1,0,0,0,0,27,9,83
1,77.4,2,18,7.19314,1.6971,0.437705882,0,1,0,1,1,1,0,1,1,27,14,84
0,73.1,2,20,6.82783,1.02356,0.463833333,0,0,0,0,1,1,0,1,0,29,10,85
0,75.2,2,18,6.92339,1.56114,0.474625,0,1,1,1,1,0,1,1,0,28,11,86
1,83.9,1,12,5.3927,0.876018,0.414791667,0,1,0,0,1,0,1,0,0,27,22,87
0,73.9,1,13,6.73259,1.24651,0.551612903,0,0,1,1,1,0,1,0,1,29,7,88
0,66,1,16,6.99284,1.04096,0.485833333,0,0,0,1,0,0,1,0,0,28,15,89
1,83.1,2,20,5.97156,1.5724,0.381890244,0,1,1,0,0,1,0,0,0,28,23,90
0,57,1,12,7.53725,1.0204,0.537058824,0,0,0,1,1,0,0,0,1,28,10,91
1,72.8,2,16,5.945,1.0626,0.37972973,0,0,0,0,1,1,1,0,0,30,13,92
0,63.4,1,20,7.55511,1.18124,0.509333333,0,0,1,0,1,1,0,0,1,29,8,93
1,62,2,16,6.05402,1.00584,0.52292517,0,1,0,1,1,1,1,1,1,28,18,94
1,65.5,2,13,6.77692,1.41206,0.456315789,0,0,0,0,1,0,0,1,1,25,18,95
1,88.3,1,12,6.02004,1.08101,0.329926471,0,0,0,0,1,1,0,0,1,25,18,96
1,69.5,2,16,4.99485,1.24249,0.525897436,0,1,0,0,1,1,1,0,0,26,20,97
0,59.5,1,16,6.58808,1.02003,0.605714286,0,1,1,0,1,1,0,0,1,28,6,98
1,83.7,1,18,6.17144,1.00563,0.46676259,0,0,0,0,0,1,0,0,0,30,12,99
1,87.8,1,13,6.71007,1.54187,0.464014599,0,0,0,0,1,1,0,0,1,25,21,100
0,77.5,2,12,6.93418,1.39891,0.477266667,0,0,1,1,0,0,1,0,0,29,15,101
1,75.2,2,14,5.7556,1.42752,0.422962963,0,0,0,1,1,1,0,0,0,25,19,102
0,71.7,2,12,7.57224,1.09795,0.437088608,1,0,1,1,1,0,0,0,1,29,9,103
1,67.8,1,14,7.24928,1.19612,0.450949367,0,1,0,0,0,1,0,0,1,23,10,104
0,63.9,1,18,6.62416,1.03032,0.488355263,0,0,1,0,1,0,0,0,1,30,3,105
0,82.3,1,15,6.80139,1.056,0.436821192,0,0,0,0,1,0,0,0,1,29,14,106
0,78.1,1,17,7.00033,1.1535,0.438860759,0,0,1,1,1,1,0,0,0,28,12,107
1,76.4,2,16,6.03232,1.46722,0.335215054,0,0,0,1,1,0,0,0,1,28,11,108
0,62.5,1,18,6.71645,1.50241,0.463836478,0,1,1,1,0,0,1,0,1,30,9,109
1,82.7,1,12,6.41194,1.63838,0.3906875,0,0,0,0,0,1,1,0,0,26,16,110
0,66.3,2,18,7.24896,0.976112,0.521708861,0,0,0,1,1,0,0,1,1,29,6,111
0,67.8,1,14,6.5849,1.0402,0.456842105,0,0,0,0,1,1,1,0,1,30,8,112
1,72.7,2,14,5.50645,1.31058,0.381555556,0,1,1,0,1,1,1,0,0,26,15,113
1,70.6,2,16,5.60538,1.00923,0.4414375,1,0,0,0,1,0,1,1,1,28,3,114
0,76.6,2,14,6.31578,1.00469,0.621594203,1,0,0,1,1,1,1,1,0,30,12,115
0,68.9,1,14,6.95942,1.26069,0.539300699,0,1,0,0,0,1,1,0,0,27,11,116
0,70.9,1,16,7.34783,1.16614,0.516533333,0,0,0,0,0,0,1,1,1,27,14,117
1,80.7,2,18,5.85156,1.16882,0.393164557,0,0,0,0,1,0,1,0,0,30,6,118
1,71.3,2,16,5.73758,0.913833,0.463712575,1,0,1,0,0,0,1,0,0,29,11,119
1,65.3,1,10,5.78029,1.57021,0.47057971,0,1,1,1,1,0,0,0,0,28,16,120
0,77.6,1,12,5.87464,1.06807,0.569925373,0,0,1,0,1,1,1,1,1,30,14,121
0,83,2,18,6.49939,0.964106,0.488231293,0,0,0,0,1,0,1,1,0,28,13,122
1,73,2,17,6.2183,1.03307,0.455523256,0,0,0,0,1,0,1,0,1,29,9,123
0,57.7,1,13,6.98919,1.05388,0.515030675,0,1,0,0,0,1,1,0,0,29,8,124
0,82.4,2,20,6.65924,1.4526,0.464965517,0,0,0,1,0,0,1,0,0,28,9,125
0,66.7,1,18,6.38862,1.0435,0.497625,0,0,0,0,1,1,1,1,1,30,8,126
1,71,1,14,4.98986,1.70863,0.415142857,0,1,1,0,1,1,1,0,1,26,22,127
1,68,2,13,5.84994,1.49572,0.451321839,0,1,1,0,0,0,1,0,1,29,20,128
0,68.2,1,14,6.53696,1.39395,0.496962963,0,1,0,1,0,1,0,1,1,30,13,129
1,83.2,2,12,5.74851,0.942122,0.444970414,0,0,0,1,1,1,1,0,1,25,24,130
1,76,1,14,6.64457,0.972009,0.55037594,0,0,0,1,1,1,1,0,0,26,17,131
0,63.7,1,18,7.1091,0.987033,0.571942446,0,0,0,0,0,1,1,0,1,30,2,132
1,84.7,2,12,6.42696,1.29324,0.335263158,0,0,0,0,0,1,1,0,1,28,15,133
1,68.8,2,16,6.24924,0.990562,0.596965517,0,1,0,1,0,1,1,1,1,27,12,134
1,79.8,1,12,5.80131,1.11048,0.295900621,0,0,1,1,1,0,1,0,0,30,18,135
0,82.3,1,14,6.17775,1.28619,0.505371901,0,0,0,0,1,1,1,0,0,30,11,136
1,68.1,2,14,5.30383,1.31958,0.406551724,0,1,1,0,1,0,1,0,1,27,16,137
0,74.3,2,18,7.12876,1.09248,0.501447368,0,0,0,1,1,0,0,0,1,29,15,138
1,82,2,20,6.06936,0.940515,0.397531646,0,0,1,1,1,0,0,0,1,29,11,139
0,70.4,2,20,6.7287,1.24591,0.536829268,0,0,0,1,1,1,1,1,1,30,9,140
0,55.5,1,19,6.84418,1.05921,0.546,0,1,0,1,0,1,0,0,0,30,3,141
0,63.6,1,16,6.69373,0.940199,0.587559055,1,0,0,0,1,1,1,0,1,29,8,142
0,65,2,14,7.61238,0.901511,0.436241611,0,0,1,0,1,1,0,1,1,28,10,143
0,68.5,2,18,8.08201,0.981444,0.533087248,0,0,0,0,0,0,0,0,1,29,9,144
0,73.5,1,15,7.05187,1.03876,0.547482517,0,1,0,1,0,1,0,0,0,28,9,145
1,78,2,12,5.69312,1.54541,0.471219512,0,1,0,1,1,0,0,0,1,27,14,146
0,57,1,20,6.67683,1.07215,0.662170543,0,1,0,0,1,0,0,0,0,28,7,147
0,65.1,2,19,7.16118,1.06234,0.457352941,0,0,0,0,0,1,1,0,0,28,14,148
1,76.1,2,12,5.4895,1.54638,0.483560606,0,1,0,0,1,1,0,0,0,26,14,149
0,75.8,2,15,6.50344,0.9936,0.552236842,0,0,0,1,1,0,1,0,1,28,8,150
0,62,2,16,6.09048,0.99135,0.49433121,0,1,0,0,1,0,0,0,1,29,10,151
0,69.3,2,18,6.50124,1.30814,0.503333333,0,1,0,1,1,1,0,0,0,30,15,152
1,64,2,18,5.53258,1.22964,0.336135266,0,1,0,1,1,0,0,0,1,30,18,153
0,56,2,16,6.38202,1.0305,0.668671875,0,1,0,0,1,1,1,0,0,29,11,154
0,76.6,2,16,6.00975,1.12662,0.517062937,0,1,1,0,0,0,0,0,1,29,14,155
0,65.7,2,19,6.91203,1.12883,0.591847134,0,0,0,0,1,0,1,0,1,30,7,156
0,61.3,2,17,7.53368,1.00399,0.505393939,1,0,1,0,1,1,0,0,1,30,14,157
1,78.6,1,18,6.60523,1.09683,0.385779221,0,0,0,1,0,1,0,1,0,30,19,158
0,74.8,2,15,5.99655,0.981383,0.481654676,0,0,1,0,0,0,0,1,0,29,9,159
0,68.2,1,13,6.40012,1.04181,0.583656716,0,0,0,0,1,1,1,0,0,29,11,160
1,74.3,1,12,5.06653,1.46414,0.43745098,0,1,0,0,1,1,0,0,1,28,28,161
0,56.3,1,13,6.58727,0.982082,0.57593985,0,1,0,1,1,0,1,0,0,29,13,162
0,70.5,1,16,7.45825,1.01287,0.584761905,1,0,0,0,1,0,0,0,1,28,11,163
0,67,2,12,6.4015,1.2822,0.485069444,0,1,0,0,1,0,0,0,0,28,15,164
0,72.9,1,12,5.94268,1.41278,0.588235294,0,1,1,0,0,0,0,0,0,30,9,165
0,71.6,2,12,6.40777,1.03718,0.42532967,1,0,0,1,1,0,0,0,1,29,5,166
0,63,2,15,6.58683,1.06133,0.570144928,0,1,1,1,0,1,0,0,1,30,11,167
0,58.8,2,13,6.12325,0.953299,0.598902439,0,0,1,0,1,0,1,0,1,28,11,168
1,74.7,2,20,6.15117,1.10689,0.417752809,0,1,0,0,1,1,0,1,1,25,10,169
1,79,1,13,6.72247,1.2637,0.417777778,0,1,0,0,1,0,0,0,0,29,16,170
1,81.3,1,18,6.50268,1.03609,0.400616438,0,0,0,1,1,0,0,1,0,26,14,171
0,59.9,2,19,7.26286,1.05979,0.53,0,1,1,0,1,1,0,0,0,30,12,172
0,66,2,18,6.10792,1.06516,0.580643275,0,0,0,1,1,0,0,1,0,30,7,173
1,67.8,2,16,6.97336,1.33397,0.459036145,0,1,1,0,0,1,0,0,1,28,20,174
1,69.1,2,16,6.35218,1.33552,0.353575758,0,1,0,0,1,1,0,1,1,28,15,175
0,57.8,1,15,7.79715,0.938424,0.537446809,0,0,0,1,1,1,1,1,1,29,9,176
1,87.8,1,12,6.21887,1.35619,0.500769231,0,0,1,1,1,1,0,0,1,25,10,177
1,71.7,1,12,6.2068,1.71554,0.598740157,0,1,0,0,0,0,0,0,1,26,21,178
0,70.2,1,14,7.09866,1.12031,0.584794521,0,0,1,1,0,1,0,1,0,28,19,179
1,71.5,2,13,5.07441,1.09319,0.426449704,0,1,1,0,0,1,0,0,1,29,14,180
1,79.1,1,15,6.50844,1.52207,0.385909091,0,0,1,0,0,1,1,1,1,29,23,181
1,71.6,1,13,7.34133,1.01978,0.535481481,0,0,1,0,1,1,1,0,0,27,17,182
1,68,1,16,7.55071,1.00286,0.296111111,0,0,0,0,1,0,1,0,1,26,18,183
1,88.5,1,9,5.57684,1.5072,0.439047619,0,0,0,0,1,1,1,0,1,20,38,184
0,72.3,1,16,6.05632,1.19681,0.474395833,0,1,1,0,1,1,0,0,0,30,10,185
0,66.8,1,14,6.31099,0.973711,0.474395833,0,0,1,0,0,0,0,0,0,30,5,186
1,70.5,2,16,6.25046,1.39577,0.407175141,0,1,0,1,0,0,1,0,1,29,8,187
0,78.1,2,20,6.68223,1.65366,0.524125874,0,1,0,0,1,1,0,0,1,29,14,188
1,90.3,2,17,5.85619,0.909117,0.389850746,0,0,1,1,0,0,0,0,1,24,25,189
0,70.8,1,18,6.65859,1.34597,0.442442748,0,0,0,1,1,1,0,0,1,29,8,190
0,68.9,1,16,6.55825,1.09737,0.474395833,0,0,0,1,1,0,1,0,0,29,6,191
1,73.6,1,20,5.78756,1.29317,0.335616438,0,1,0,0,1,0,0,0,0,30,14,192
0,76.1,2,18,6.97877,0.911351,0.512614379,0,0,0,0,0,1,1,0,1,29,16,193
0,66.5,2,16,6.58289,1.03058,0.5138125,1,0,1,1,0,0,1,0,0,29,10,194
0,66.5,2,20,6.63819,0.957524,0.481042945,0,0,0,1,1,0,0,0,0,29,4,195
1,55.9,1,16,5.69495,1.67639,0.437931034,0,1,0,1,0,0,1,0,0,25,31,196
1,73.5,2,16,6.12779,1.2256,0.462111801,1,0,0,0,0,1,0,0,1,29,10,197
0,63.5,1,18,6.8597,1.04934,0.525,0,0,1,0,0,0,1,0,1,30,5,198
0,61.1,2,20,6.92949,1.08284,0.529034091,0,1,0,0,1,1,0,0,1,27,11,199
1,68.3,1,12,5.19201,1.50206,0.427712418,0,1,1,0,0,1,0,0,0,25,16,200
0,70.2,1,14,6.59897,1.03662,0.54515873,0,0,0,0,1,1,1,1,1,30,5,201
1,72.1,1,19,4.95131,1.72514,0.352627737,0,1,0,0,1,1,0,0,1,24,23,202
1,72.6,1,16,5.50205,1.51018,0.521917808,0,1,0,0,0,1,1,1,1,26,20,203
0,74,2,20,8.08731,1.00805,0.55537931,0,0,0,0,0,1,1,0,0,29,9,204
1,75.6,2,16,6.6622,0.906983,0.476436782,0,0,1,1,1,1,1,0,1,27,16,205
1,55.9,2,19,3.79902,1.63866,0.440204082,0,1,0,0,0,0,1,0,1,21,28,206
0,77.9,1,18,6.38431,0.987712,0.431463415,0,0,0,1,1,1,1,1,1,30,12,207
1,57.2,2,18,6.2863,1.2925,0.607841727,0,0,0,0,0,1,1,1,0,26,16,208
0,82.1,2,20,7.4883,0.923707,0.503227848,0,0,0,0,1,1,1,0,1,29,6,209
1,75.3,2,17,5.47151,1.47151,0.459276316,0,1,0,0,1,1,1,0,1,29,20,210
1,84.6,1,16,5.86006,1.33773,0.460220588,0,1,1,0,1,1,0,0,1,29,27,211
1,71.9,2,18,5.28928,1.3395,0.422980132,0,1,0,1,1,0,1,1,1,29,21,212
0,84.4,2,18,6.52906,1.10809,0.503312102,1,0,1,0,1,1,1,0,1,30,10,213
0,64.1,1,16,7.21032,1.12537,0.468345324,0,1,1,0,1,1,1,0,1,29,9,214
0,59.2,1,13,6.30435,0.993527,0.608717949,0,0,1,1,0,0,1,0,1,30,7,215
0,65,2,16,6.57436,1.45336,0.550264901,0,0,0,1,1,1,1,0,1,29,11,216
0,62.3,1,16,6.94321,0.940704,0.543491124,0,0,1,1,1,1,1,1,0,29,7,217
0,76.2,2,11,6.46841,1.35656,0.561221374,1,0,1,0,0,0,0,0,1,28,17,218
1,73.4,2,16,5.38892,0.964783,0.458333333,0,1,0,0,1,1,1,0,1,29,10,219
0,72.6,1,20,6.98357,1.04787,0.4794,0,0,0,1,1,1,1,0,0,30,5,220
1,75.4,2,18,6.46664,0.970961,0.376830601,0,0,1,1,1,1,1,1,1,28,23,221
1,64.5,1,20,5.50213,1.47587,0.397191781,0,1,0,1,1,1,1,0,1,25,28,222
0,78.6,1,16,7.03171,1.08701,0.479714286,0,0,0,0,1,1,1,0,1,28,12,223
0,72.7,1,12,6.44672,1.50436,0.527241379,0,1,0,1,0,1,0,0,1,28,9,224
0,75.4,2,17,6.84943,0.97902,0.429891304,0,1,1,0,1,1,0,0,1,30,4,225
0,68.4,1,18,6.82215,1.00904,0.584736842,0,0,0,1,0,1,0,0,0,30,10,226
0,81.8,2,20,6.9558,1.15549,0.466390977,0,0,1,1,1,1,0,0,0,28,12,227
1,73.7,2,18,5.69741,1.52012,0.384444444,0,1,1,0,0,1,1,1,1,24,32,228
1,81.5,1,14,6.04222,1.27145,0.452450331,0,0,1,0,1,1,0,0,0,29,14,229
1,70,1,16,5.98253,1.11282,0.423892216,0,0,1,1,1,1,0,0,0,29,11,230
1,60,1,12,6.61781,1.06048,0.592735043,0,0,1,1,1,0,0,0,1,26,22,231
1,84.5,2,9,5.83387,1.32709,0.347549669,0,1,0,1,1,0,1,0,1,24,28,232
0,70.8,1,16,6.6393,1.08683,0.615483871,0,0,0,1,1,0,1,0,0,30,10,233
0,78.5,1,12,6.36112,1.30439,0.466688312,0,0,1,0,0,1,0,0,1,28,7,234
1,66.9,1,14,6.23969,0.973929,0.36125,0,0,1,1,0,1,0,0,1,30,29,235
0,70.9,2,20,6.33905,1.02718,0.467190083,0,0,1,0,0,1,0,0,1,29,13,236
0,72.4,2,20,7.57877,0.947971,0.471517241,0,0,0,1,1,1,0,0,1,30,4,237
0,55,1,14,7.33656,1.22577,0.52937931,0,1,1,0,1,1,1,0,1,28,17,238
0,67.4,2,18,6.46352,0.983716,0.5760625,0,0,1,0,0,0,1,1,1,29,15,239
0,79.3,2,20,6.60571,0.996159,0.469290323,0,0,1,0,1,1,1,0,0,30,12,240
1,81.8,1,17,6.09951,1.32432,0.49337931,0,0,0,0,1,0,1,0,1,30,19,241
1,89,2,16,5.47571,0.948544,0.467826087,0,0,1,0,0,0,0,0,0,27,9,242
1,66.9,2,17,7.18926,0.997261,0.42252809,0,0,0,0,1,1,0,1,0,30,18,243
0,75.8,1,12,6.52366,0.941628,0.538604651,0,1,0,1,1,1,1,0,1,30,19,244
0,63.1,1,16,7.09886,1.04236,0.606015038,0,0,0,1,0,1,1,0,1,30,8,245
1,72.8,1,12,6.06992,1.25997,0.42503268,0,1,0,1,1,1,0,0,0,24,12,246
1,82.4,2,18,5.32894,1.47094,0.297692308,0,1,1,1,0,1,0,0,0,24,33,247
1,79.7,2,18,5.47355,1.06891,0.493421053,0,1,0,0,1,1,1,0,1,27,10,248
0,68.8,1,16,5.54167,1.59352,0.563424658,0,1,0,1,1,1,1,0,1,30,8,249
1,88.4,1,14,6.08253,0.997764,0.328055556,1,0,0,1,0,1,0,1,0,26,30,250
0,70.5,1,17,7.24636,1.01844,0.50312,0,0,1,0,1,1,1,0,1,29,23,251
1,63.6,1,19,6.22562,1.01045,0.411459854,0,0,1,1,1,1,0,0,1,29,23,252
0,61.8,2,14,6.7401,1.36197,0.524478528,0,1,1,0,0,1,0,0,0,28,12,253
0,73,2,18,6.55145,1.00552,0.557371795,0,0,0,1,1,0,1,0,0,30,6,254
1,73.3,2,14,6.61072,1.18071,0.457398844,0,1,0,1,1,1,1,0,0,24,17,255
0,73.9,2,14,6.46179,0.977535,0.532173913,0,0,0,1,1,1,0,0,1,28,17,256
0,72.2,2,14,6.40443,1.37498,0.543230769,1,0,0,0,1,1,1,0,1,29,13,257
1,60.7,2,18,3.93766,1.37252,0.461793103,0,0,0,1,0,1,1,0,1,20,51,258
1,79.3,2,20,5.57881,1.27484,0.340301205,0,1,0,1,1,1,1,1,1,22,31,259
1,81.1,1,19,6.49956,1.40277,0.367697842,0,0,0,1,1,0,1,0,1,29,15,260
0,84.3,2,18,6.56626,0.980511,0.426853147,1,0,1,0,1,0,1,0,1,30,8,261
1,71,1,19,6.70383,1.05919,0.435228758,0,0,0,0,0,1,0,0,0,30,16,262
1,74.1,2,12,6.54673,0.950221,0.42836478,0,0,1,1,1,1,0,0,0,25,14,263
1,71.3,1,16,5.7445,1.44682,0.447448276,0,1,0,0,1,0,1,0,1,26,24,264
0,72.6,2,12,7.11331,0.955789,0.466871166,0,0,1,0,1,1,0,0,0,30,11,265
1,69.5,1,16,4.6676,1.53946,0.384733333,0,1,0,1,1,1,0,0,0,28,27,266
0,82.2,2,17,6.85386,1.07041,0.512380952,0,1,1,1,1,1,1,0,0,29,11,267
0,62,1,13,6.62364,1.11831,0.472911392,0,0,1,1,1,1,0,0,0,28,6,268
1,69.4,2,16,5.30645,1.55195,0.452738854,0,0,1,1,0,1,1,0,0,28,24,269
1,75.8,2,16,5.62909,1.00316,0.424970414,0,0,0,1,1,1,0,0,1,23,39,270
0,69.8,1,12,6.52079,1.0941,0.520610687,1,0,0,0,1,1,0,1,1,30,7,271
0,73.7,1,18,6.7153,1.49977,0.605882353,0,1,1,1,1,1,0,0,1,29,5,272
1,75.5,2,20,5.9171,1.21012,0.565034014,0,1,1,1,1,1,1,0,1,27,12,273
0,84,2,20,6.51249,1.22024,0.474395833,0,1,0,0,1,0,1,0,0,30,9,274
0,84.9,2,20,7.67149,1.02287,0.528154762,0,0,0,0,1,0,1,0,1,30,14,275
0,83,2,20,6.68925,1.52633,0.426060606,0,1,1,0,1,0,1,0,0,30,12,276
0,62.3,1,20,6.72219,0.97704,0.535395683,0,0,0,0,0,0,1,1,1,30,4,277
1,80.4,2,20,5.73141,1.00929,0.45070922,0,0,0,1,1,0,1,0,0,28,12,278
0,62,2,16,7.3763,1.01848,0.535900621,1,0,0,1,0,1,0,0,1,29,17,279
1,77.2,2,14,6.26744,1.47178,0.384827586,0,1,0,0,1,0,0,1,0,28,27,280
1,73.1,1,15,6.30361,1.30768,0.389542484,0,1,0,0,1,1,0,0,0,28,27,281
1,82.2,2,12,5.44499,1.54557,0.353742331,0,1,1,0,1,0,0,0,1,19,20,282
1,62.2,2,16,4.54262,1.3833,0.421843972,0,1,1,1,1,1,0,0,1,21,36,283
0,78.4,2,14,5.76246,1.23711,0.477181208,0,0,0,0,0,0,1,0,0,30,1,284
1,79.3,2,20,6.16655,1.5171,0.424774194,0,1,1,1,0,0,0,0,0,30,15,285
0,59,2,16,6.94928,0.982094,0.557248322,0,0,1,1,1,1,1,0,1,29,16,286
0,70.2,1,18,7.3076,1.06161,0.548466667,1,0,0,1,1,1,1,0,0,30,5,287
1,74.4,1,17,5.93704,1.30125,0.38877551,0,1,0,1,1,1,1,1,0,30,12,288
1,81.4,1,18,6.24613,1.33739,0.429324324,0,0,1,0,0,1,1,0,1,29,11,289
1,68.6,2,17,5.8767,1.02305,0.430254777,0,0,0,0,0,1,1,0,1,26,18,290
1,78.2,2,20,6.23001,0.989395,0.400909091,0,0,0,1,0,1,0,0,0,30,9,291
1,77.7,1,19,5.12685,1.55796,0.461558442,0,0,0,0,1,1,0,0,0,23,32,292
0,63.9,2,18,6.93797,1.01944,0.587834395,0,1,0,1,1,0,1,0,1,29,13,293
1,80.9,1,15,5.72389,1.3955,0.368962963,0,0,0,1,0,1,1,0,0,22,19,294
0,78,1,14,6.48653,0.964352,0.500133333,0,0,0,0,1,1,0,0,0,28,8,295
0,74.2,2,20,5.65045,0.991591,0.4884,0,0,1,0,1,1,1,0,1,30,14,296
1,81.6,2,20,5.70318,1.6751,0.426433566,0,1,0,1,1,1,0,0,0,26,24,297
0,76.4,2,16,6.34335,0.903888,0.477142857,0,0,0,0,1,1,1,0,0,30,6,298
1,80.7,2,16,6.10019,0.99405,0.445470588,0,0,0,0,1,0,1,0,1,29,14,299
0,79.4,1,17,6.5401,1.04458,0.40656051,0,0,1,1,0,1,0,0,0,30,9,300
0,71.2,1,18,6.30647,1.02266,0.590300752,0,0,0,1,1,1,1,0,0,30,5,301
1,75.8,2,16,4.36841,1.11751,0.34715847,0,0,1,0,0,1,1,0,1,23,43,302
0,75.1,2,20,6.51895,1.02031,0.469006211,0,0,0,1,1,1,0,0,1,29,3,303
0,69.9,2,20,7.23039,1.49611,0.458743455,0,1,0,1,0,1,1,0,0,28,11,304
0,62.9,1,17,6.85691,1.12904,0.677731092,0,0,0,1,1,1,1,0,1,29,7,305
0,74.2,2,16,5.8655,1.05468,0.526453901,0,0,0,0,1,0,1,0,1,29,9,306
1,63.8,2,16,6.23629,1.46637,0.383786982,0,0,1,0,0,0,1,0,0,27,14,307
1,80.9,1,13,6.17067,0.934897,0.401447368,0,0,1,1,0,1,1,0,0,29,18,308
1,70.8,2,20,5.89219,1.50218,0.356066667,0,1,0,0,0,0,0,0,0,28,31,309
0,69.8,1,18,6.42903,1.31784,0.483947368,0,0,0,1,0,0,1,1,0,30,17,310
1,79.3,2,18,5.5481,1.50507,0.312240437,0,0,0,0,0,0,1,0,1,27,31,311
1,78.5,2,20,5.50863,1.31279,0.41673913,0,1,1,1,0,0,1,1,1,29,20,312
0,71.9,2,19,7.36322,0.991479,0.511447368,0,0,1,1,0,1,0,0,0,30,13,313
1,86.5,1,16,5.33968,1.48328,0.328767123,0,1,1,1,1,0,1,1,1,22,34,314
1,85.9,1,12,5.89775,1.0235,0.493412698,0,0,0,1,1,1,0,0,1,26,9,315
0,62.8,1,20,6.93194,1.19959,0.440866667,0,1,0,1,0,1,1,1,1,29,14,316
1,75.8,2,14,5.81179,1.2658,0.362,0,1,0,1,1,0,1,0,0,24,29,317
1,63,1,20,6.01373,1.26795,0.443496503,0,1,0,1,1,1,1,0,1,29,9,318
1,72.8,1,16,6.29389,1.54948,0.460322581,0,0,1,0,0,1,0,0,0,29,9,319
1,74.3,2,20,6.09761,1.85698,0.37625,0,1,0,1,0,1,1,0,0,27,20,320
0,69.8,1,14,5.80675,1.4294,0.515945946,0,1,0,0,1,1,1,0,0,30,4,321
0,63.5,1,15,6.2976,0.975006,0.53147651,0,0,0,1,1,1,0,0,0,29,12,322
0,65.6,1,20,6.66175,1.00431,0.5868,1,0,0,0,1,1,1,1,1,30,7,323
0,74.6,1,16,6.83457,1.64198,0.440266667,0,1,0,1,0,1,1,0,0,28,7,324
0,61.8,2,20,6.56139,1.01944,0.328321678,1,0,0,0,1,0,0,0,1,30,11,325
0,70.9,2,12,6.92886,1.13098,0.541492537,0,0,0,0,1,0,1,0,1,28,25,326
0,63,2,14,6.83335,0.990097,0.581012658,0,1,0,1,1,1,1,0,0,30,9,327
0,72.8,2,18,6.54732,0.915945,0.479512195,0,0,1,1,0,1,1,1,1,29,10,328
0,73.9,1,12,6.65526,0.929515,0.493103448,0,1,0,1,1,0,0,1,0,29,9,329
0,71.4,1,18,7.48715,1.37557,0.461338583,1,0,0,1,1,0,0,0,0,28,8,330
1,75,2,14,5.8994,1.42541,0.418407643,0,1,0,1,0,1,1,0,1,27,24,331
0,83.7,2,16,5.46317,1.10086,0.5515,0,0,1,0,1,0,0,0,1,30,13,332
1,79.7,2,16,5.83517,1.12158,0.284012739,0,1,1,0,0,1,1,0,0,24,27,333
0,77.5,1,18,7.72683,1.01988,0.521818182,0,0,0,0,0,1,0,0,1,27,12,334
1,89.6,2,12,4.76708,1.31434,0.397228916,0,1,1,1,0,0,1,0,1,23,34,335
1,74,2,16,6.60788,0.980314,0.46079096,0,0,1,0,1,0,0,0,0,29,18,336
0,70.9,1,17,6.81177,1.52643,0.57515625,0,1,0,1,1,0,0,1,0,29,18,337
0,72.5,1,14,7.91989,1.15358,0.620813008,0,0,0,0,1,0,1,0,0,29,7,338
1,73.5,2,20,5.79198,1.13176,0.359440994,0,1,0,1,0,1,1,1,0,29,20,339
0,75.5,1,20,5.89698,1.36015,0.491985294,0,0,0,0,0,0,1,0,0,30,6,340
0,70.9,2,15,7.72512,1.07255,0.53109589,0,0,0,1,0,1,0,0,1,28,12,341
1,69.7,2,12,5.9434,0.983971,0.537421384,0,0,0,0,1,1,1,0,1,26,21,342
1,75.2,1,16,6.67886,1.25456,0.391818182,0,1,1,0,1,1,1,1,0,28,25,343
1,76.8,1,12,5.82449,0.925164,0.459726027,1,0,0,1,0,1,1,0,1,25,8,344
1,74.6,2,18,6.43049,1.05515,0.322515337,0,0,0,1,0,1,1,0,1,28,15,345
1,76.1,2,20,5.73981,1.2259,0.466092715,0,0,0,1,1,1,0,0,0,25,21,346
1,80.2,1,20,6.13836,1.84598,0.345033113,0,1,0,0,1,0,1,0,0,30,19,347
1,74,2,16,5.9795,1.04685,0.458604651,1,0,1,0,0,1,0,1,1,30,13,348
0,62.3,1,17,6.5928,1.01536,0.503076923,0,1,1,1,0,1,1,0,0,30,6,349
1,72.5,1,18,6.27505,1.11821,0.354645161,0,0,1,1,1,1,1,0,1,28,18,350
1,69.3,2,17,6.18741,1.08496,0.514965035,1,1,0,0,1,1,0,0,0,26,17,351
0,77,1,18,6.47826,0.915361,0.545986395,0,1,0,1,1,1,1,0,1,25,12,352
0,70.7,1,12,7.4088,1.18997,0.5798,0,0,0,0,0,0,1,0,1,30,4,353
1,62.8,1,14,5.56713,1.49105,0.448814815,1,1,1,1,1,1,0,0,0,27,20,354
0,67.6,1,14,6.56328,0.948803,0.567580645,0,1,0,0,1,1,1,1,0,29,14,355
0,75.3,1,15,5.2202,0.964647,0.484873418,0,1,0,0,0,0,1,0,0,29,8,356
0,69,2,14,6.85647,1.16952,0.361030928,0,0,1,0,1,1,1,0,1,28,5,357
0,71.7,1,15,6.79686,1.23613,0.576338028,0,0,1,0,0,0,1,1,1,30,10,358
1,72,2,12,6.35246,1.00789,0.520921053,0,0,0,1,1,0,0,0,0,26,15,359
0,84.3,2,17,6.84632,1.40683,0.477409639,0,1,0,0,1,0,0,0,0,29,15,360
0,66.7,1,16,6.68283,1.06945,0.538322981,0,0,1,1,0,1,0,0,0,29,5,361
0,79.6,2,16,6.55673,1.41419,0.538169935,0,0,0,0,0,1,1,0,1,30,14,362
1,71.3,2,18,6.17409,1.26012,0.332651934,0,1,0,0,1,0,1,1,0,29,19,363
0,66.1,1,17,6.17641,1.41954,0.542015504,0,1,0,0,1,1,1,0,0,30,9,364
0,71.4,1,16,6.83781,1.05145,0.476768293,0,0,1,0,1,1,1,0,0,29,8,365
0,72.9,2,13,6.21679,1.0736,0.644178082,0,0,0,0,1,1,1,0,0,30,10,366
1,67.8,1,16,7.1986,1.35971,0.462993197,0,1,0,0,0,1,0,1,0,29,17,367
0,83.6,2,16,6.88244,1.06939,0.380914634,0,0,0,1,1,0,1,0,1,29,14,368
1,55.6,1,16,4.20378,1.71792,0.52028777,0,1,1,1,1,1,0,1,0,26,27,369
0,75.7,2,14,6.36789,0.993155,0.4905,0,0,1,1,1,0,1,1,0,29,20,370
0,68.1,2,20,6.19932,1.08857,0.565419355,0,0,0,0,1,1,1,1,1,28,7,371
0,73.7,1,16,7.32235,1.02791,0.560447761,0,0,0,0,1,0,0,0,1,30,9,372
0,76.7,2,16,6.53418,1.3344,0.526551724,0,1,1,0,0,1,0,1,0,30,14,373
0,59.5,1,20,7.10971,0.985299,0.621088435,0,0,0,0,0,1,1,0,0,30,7,374
1,73.5,1,13,6.43612,1.61661,0.456107383,0,0,0,1,0,1,0,0,0,26,21,375
1,80.3,2,20,6.11988,1.1779,0.440426829,0,0,0,0,0,1,0,0,1,29,15,376
1,73.6,2,16,4.88881,1.53067,0.323425414,0,1,0,0,1,1,0,0,0,26,36,377
0,65.1,1,18,6.43813,1.01255,0.524589041,0,1,1,0,0,1,1,0,1,29,6,378
1,68.3,2,20,6.31867,0.974275,0.502222222,0,0,0,0,0,0,0,0,1,29,15,379
0,67.7,2,18,5.92309,1.24712,0.512727273,0,1,1,0,1,0,0,0,0,28,14,380
0,76.5,1,16,6.68663,0.933541,0.497226277,0,0,0,0,0,0,0,0,1,29,10,381
0,69.3,1,12,7.51705,1.12616,0.479923664,0,1,0,1,1,0,1,0,1,29,7,382
1,87.8,1,12,6.55268,0.981797,0.341503759,0,0,0,1,1,1,0,1,1,25,27,383
1,55,1,17,6.26688,1.06308,0.56919708,0,1,0,1,0,1,1,0,1,27,10,384
0,75.9,1,16,6.43892,1.02911,0.574603175,0,0,1,0,1,1,0,0,0,28,10,385
0,62.3,2,18,5.66977,1.06225,0.622695035,0,0,0,0,1,1,1,0,1,30,4,386
0,84.7,1,16,7.26463,2.02556,0.458550725,0,0,1,0,0,0,1,0,1,30,5,387
0,76.1,1,16,6.48157,1.00262,0.502714286,0,1,0,0,0,1,0,0,1,29,8,388
0,66.8,2,18,6.0082,0.970309,0.512407407,0,1,0,0,1,1,0,0,0,29,6,389
0,76.2,1,12,7.33501,1.06333,0.505984848,0,0,1,1,0,1,1,0,0,30,15,390
0,74.4,2,12,7.44133,1.02214,0.487407407,0,0,1,1,0,1,1,0,0,26,13,391
1,82.4,2,12,6.22946,1.63952,0.366118421,0,0,0,0,1,1,1,0,0,29,23,392
1,73.5,2,20,6.25021,1.00647,0.440674157,0,0,0,0,1,0,1,0,0,30,9,393
0,75.9,1,18,6.54084,1.0456,0.449735099,0,0,0,0,1,0,1,0,1,30,6,394
0,72.4,1,16,7.26249,1.01314,0.548828125,0,0,1,1,1,1,1,0,0,26,12,395
0,78.4,1,12,6.23233,0.952125,0.554297521,0,0,0,1,1,1,1,1,0,30,7,396
0,77.9,1,16,7.18632,1.0504,0.547588652,0,1,0,1,1,0,1,0,1,28,10,397
0,67.5,1,20,6.82639,1.06485,0.535238095,0,1,0,0,1,0,1,0,0,30,5,398
1,72.9,1,12,5.64082,1.62654,0.396283784,1,1,0,0,1,0,0,0,0,25,28,399
1,74.3,1,14,6.22161,1.17117,0.456854839,0,1,1,1,1,1,1,0,0,27,16,400
0,82.5,1,12,6.43225,1.50562,0.604330709,0,0,0,0,1,1,1,0,1,29,15,401
0,71.4,2,18,6.49122,1.41126,0.506982249,0,1,0,0,1,0,1,0,0,29,9,402
1,78.9,2,19,6.07607,1.27233,0.436625,0,0,0,0,0,1,1,0,0,29,16,403
0,74.2,2,20,5.98419,1.45612,0.481626506,1,0,1,0,1,1,0,1,0,30,10,404
0,69.1,1,14,6.25178,0.983559,0.50389313,0,0,0,1,1,0,0,0,0,29,5,405
1,60.8,1,18,6.28438,1.24057,0.488345324,0,1,1,0,0,0,1,0,1,28,20,406
1,75.1,1,13,5.85891,1.73615,0.459609375,0,1,0,0,1,0,0,0,1,28,17,407
1,74.4,2,16,5.75943,1.08221,0.454545455,0,0,0,1,1,1,0,0,0,30,11,408
0,63.8,1,18,6.27595,1.26174,0.582189781,1,1,1,1,1,1,0,0,0,30,6,409
1,81.4,2,18,6.30796,1.36198,0.465903614,0,0,1,0,0,0,1,0,1,27,17,410
0,75.1,1,14,6.36675,0.973379,0.492866667,1,0,0,1,1,0,1,0,0,26,5,411
0,66.2,1,12,6.44986,1.08833,0.611721311,0,1,0,1,1,0,1,0,1,26,8,412
1,77.2,2,16,6.86081,0.92036,0.318296703,1,0,0,0,1,0,1,0,0,28,24,413
1,72.6,2,18,6.00023,1.0916,0.430969697,0,0,0,0,0,1,1,0,0,29,12,414
0,77,2,14,6.92502,1.18327,0.48825,0,0,0,0,1,0,0,0,0,30,9,415
1,80,2,15,5.35348,1.34057,0.297464789,0,0,0,0,1,0,0,0,1,24,31,416
0,74.1,2,16,6.63344,1.84169,0.392790698,0,0,0,0,1,1,0,0,0,28,7,417
1,76.8,2,18,5.81768,1.1045,0.478392857,0,0,0,0,1,1,0,0,1,29,23,418
0,67.9,2,12,6.44676,0.989191,0.568675497,0,0,0,0,1,1,1,1,1,29,8,419
0,77.5,2,18,6.81132,1.13012,0.441843972,0,0,0,0,1,1,1,0,1,29,11,420
0,73.7,2,14,6.56505,0.964436,0.501052632,0,0,0,1,1,0,1,0,1,30,13,421
0,67.5,1,19,7.27243,1.43134,0.495407407,0,1,1,0,0,1,0,0,1,27,7,422
0,63.8,1,16,6.43149,1.0698,0.582394366,0,0,0,0,1,1,1,1,0,29,8,423
1,66.9,1,12,6.26321,1.11474,0.482777778,0,0,0,0,1,1,1,0,0,28,16,424
0,65.9,2,16,6.78138,0.981143,0.49133758,0,0,1,0,1,1,1,0,0,29,7,425
0,64.2,2,18,6.45575,0.958051,0.520533333,0,0,1,1,1,0,0,0,1,28,16,426
1,77.5,2,16,6.29685,1.27419,0.395568862,0,0,0,0,1,0,1,0,0,26,19,427
1,76.1,1,16,5.14226,1.42337,0.469361702,0,1,0,0,0,0,1,0,1,27,25,428
1,71.3,2,18,5.5458,1.38098,0.395932203,0,0,0,0,1,1,1,0,0,30,23,429
0,66.5,2,13,6.53049,0.975922,0.425034014,0,1,1,1,1,0,1,0,0,28,7,430
0,70.4,2,16,6.8785,1.05562,0.575228758,0,1,0,0,1,1,0,0,1,30,5,431
0,61.1,1,16,6.87477,1.02581,0.566712329,0,1,1,0,0,1,0,0,1,28,8,432
1,79.8,2,16,6.13189,0.924682,0.460264901,0,0,0,1,1,0,0,0,1,30,6,433
0,66.1,2,19,6.98141,0.986082,0.54414966,0,1,0,1,0,0,0,0,0,29,8,434
0,74.8,2,16,6.36699,1.41847,0.527292818,0,1,1,0,1,1,0,0,0,27,11,435
1,85.6,2,18,5.85458,1.32498,0.394943182,0,0,0,1,1,1,0,1,0,28,10,436
1,83.9,2,14,5.38366,1.08023,0.301032258,0,1,0,1,1,1,1,0,1,26,22,437
0,88.6,2,11,6.36325,1.02082,0.419347826,0,0,1,1,0,0,1,1,0,30,8,438
0,63.8,1,12,7.24693,1.23544,0.620396825,0,1,1,1,1,0,1,0,1,29,8,439
0,77.2,1,16,6.53015,1.45929,0.55540146,0,0,0,1,1,0,1,0,0,28,4,440
0,69.5,1,15,7.15233,0.95282,0.571884058,0,0,0,0,1,1,0,0,1,30,5,441
1,73.3,2,17,7.12217,1.06876,0.526686391,0,0,0,1,1,1,0,0,0,26,15,442
0,72.6,2,18,6.67167,1.02027,0.581886792,0,0,0,1,1,1,0,1,1,30,8,443
0,74.2,2,20,6.56743,1.1574,0.514140127,0,0,0,0,1,1,0,0,0,30,15,444
1,84.1,2,19,6.27455,0.917078,0.468843537,0,0,0,1,1,1,1,0,1,30,12,445
1,71.1,2,12,5.88884,1.26388,0.377785235,0,1,1,0,0,1,1,1,1,25,26,446
0,76.1,1,16,7.34369,1.02517,0.48566879,0,1,0,0,1,1,1,0,0,30,6,447
1,77.5,1,14,5.73371,1.4802,0.338661972,0,0,1,1,1,1,1,0,0,28,13,448
0,83.8,2,20,7.54767,0.996059,0.529724138,1,0,0,0,1,1,0,0,0,28,19,449
1,90.3,1,13,5.80555,1.5819,0.482919708,0,0,0,1,0,1,0,0,1,22,25,450
1,79,2,18,5.52636,1.31317,0.267434211,0,1,1,0,1,1,1,0,0,22,32,451
1,58.5,1,20,4.57367,1.50004,0.41875,0,1,0,0,1,1,1,0,0,24,23,452
0,71.7,1,19,6.49455,1.05736,0.502905405,0,0,1,0,0,0,1,0,0,30,7,453
0,80.4,1,20,6.58111,1.05006,0.461777778,0,0,1,0,1,1,1,0,0,29,7,454
0,71.5,2,19,5.7874,0.996547,0.555616438,0,0,0,0,1,1,1,1,0,30,9,455
1,78.2,2,16,7.00512,1.6089,0.418774194,0,1,0,0,1,0,0,0,1,29,27,456
0,66.4,1,12,6.48518,1.43314,0.502631579,0,1,1,1,0,1,0,0,0,30,12,457
0,60.6,2,19,7.19178,1.05056,0.497573529,0,1,0,0,1,1,1,0,1,29,12,458
1,67.6,1,14,6.14051,0.926775,0.583401361,0,1,1,0,0,0,0,0,1,30,16,459
1,74.6,2,19,5.54633,1.43896,0.289109948,0,1,0,1,0,0,1,0,0,26,27,460
0,71.4,2,20,7.31026,1.01672,0.519215686,0,0,1,0,1,1,0,0,0,28,12,461
0,67.8,2,16,7.0417,0.987231,0.598238994,0,0,1,0,1,1,0,0,0,30,5,462
1,70,2,18,5.73627,1.5846,0.4391875,0,1,1,1,0,1,0,1,0,27,18,463
1,66.8,2,18,6.68298,0.98037,0.449770115,0,0,0,1,0,1,1,0,1,27,12,464
1,79.4,2,16,5.84755,1.46239,0.3318,0,1,1,0,1,1,1,0,0,22,24,465
1,75.9,2,18,4.94096,1.27846,0.416604938,0,1,0,1,1,1,1,0,1,30,16,466
0,66.4,1,20,7.14972,0.959016,0.458888889,0,0,0,0,1,0,1,1,0,28,8,467
1,71.1,1,16,6.49246,1.0351,0.470857143,1,0,0,0,1,1,1,0,1,29,16,468
1,79.3,1,16,5.74877,1.24403,0.433515625,0,1,0,0,1,0,0,0,0,25,34,469
0,70.1,1,18,7.81833,0.997078,0.506190476,0,0,1,1,1,1,0,1,1,29,17,470
0,67,1,19,6.85602,1.04771,0.512969697,1,0,0,1,1,1,0,0,1,30,5,471
1,71,2,20,5.25961,1.67446,0.328707865,0,1,1,1,0,1,1,0,0,25,28,472
0,77.3,2,18,6.26112,1.22812,0.501907895,0,0,0,0,0,1,0,0,1,30,13,473
1,79,2,16,5.38029,1.21846,0.357643979,1,0,0,0,1,1,0,0,1,21,36,474
0,63.2,2,17,6.45768,1.03894,0.406706587,0,1,0,0,1,1,1,0,1,29,10,475
0,68.5,1,17,8.35249,1.1381,0.50397351,0,0,1,0,1,0,0,0,1,30,3,476
0,70.3,1,20,5.81136,0.964702,0.521796875,1,0,0,1,0,0,0,0,1,28,9,477
0,82.4,2,12,6.21915,1.24622,0.521567164,0,0,0,1,0,0,0,0,1,28,14,478
0,83.4,1,12,6.53302,1.1911,0.492302632,0,1,1,1,0,1,1,0,1,29,12,479
1,70.7,1,16,5.74499,1.3488,0.413825503,0,1,1,0,1,1,0,0,1,23,23,480
0,60.5,2,14,5.99966,0.975643,0.503699422,0,1,1,0,1,1,1,0,1,29,8,481
0,70.5,1,14,6.70314,1.11216,0.615766423,0,0,0,1,1,1,1,1,0,30,9,482
1,69.2,1,14,6.30745,1.12654,0.562699387,1,0,0,1,0,1,1,0,1,27,4,483
0,69.7,1,16,6.7318,1.02774,0.566857143,0,1,0,1,1,1,1,0,0,30,5,484
1,66.6,1,16,5.1505,1.51509,0.424864865,0,1,1,0,0,1,0,1,0,27,20,485
1,78.3,1,16,6.51979,1.40634,0.460866142,0,1,0,0,1,1,0,1,0,27,13,486
1,75.1,1,14,4.51892,1.22572,0.474166667,0,1,0,0,1,1,1,0,1,26,21,487
0,60.2,1,16,6.51612,1.26375,0.63883871,0,0,0,1,1,1,0,0,1,28,4,488
1,76.6,2,16,4.69328,1.69535,0.437235294,0,0,1,1,0,1,0,0,0,26,25,489
1,65.7,2,20,5.39673,1.51168,0.390849673,0,0,0,0,1,1,0,1,1,29,19,490
0,68.5,1,18,6.00616,1.43185,0.512585034,0,0,1,1,1,0,1,0,0,29,13,491
1,59.9,2,16,5.88745,1.07799,0.444444444,0,1,0,0,1,0,0,1,1,30,0,492
0,65,2,19,7.33686,1.08686,0.412569832,0,1,1,0,1,1,1,0,1,29,1,493
0,84.7,1,17,6.58232,1.02103,0.401858974,0,0,1,1,1,1,1,0,1,29,4,494
1,66.9,2,18,6.03504,1.20994,0.514324324,0,1,1,1,0,0,1,0,1,25,11,495
1,67.8,2,20,6.48822,0.993374,0.511,1,0,0,0,1,1,0,1,1,27,16,496
0,67.7,1,20,5.73197,1.16653,0.519090909,0,1,0,1,1,0,1,0,0,28,14,497
1,86.5,2,17,5.38384,1.23308,0.331226994,0,0,0,0,1,1,0,0,1,26,26,498
0,69.9,2,20,6.72898,1.15951,0.477098765,0,0,0,1,0,1,0,1,0,28,14,499
1,63.8,2,16,5.22598,1.60418,0.522948718,0,1,0,0,0,1,1,0,1,22,28,500
0,70.7,2,18,6.13496,1.10165,0.487933333,0,0,0,1,1,0,0,0,1,29,7,501
0,72.7,1,12,6.76643,1.30451,0.530588235,0,1,0,1,0,1,1,0,0,30,7,502
1,77.1,1,16,6.25564,1.40254,0.450827068,0,1,1,1,1,1,1,1,0,28,5,503
0,70.8,1,18,6.72583,1.10383,0.528091603,0,0,1,0,1,1,1,1,0,29,2,504
0,65.1,1,16,6.75513,1.00777,0.496078431,0,0,0,0,0,1,1,0,0,29,3,505
0,76.3,1,14,6.7773,1.21573,0.525771812,1,0,0,0,0,1,0,0,0,30,9,506
1,80.4,1,12,5.89178,0.989229,0.431232877,1,0,0,1,0,1,0,0,0,29,10,507
1,75.4,1,18,6.17218,1.08423,0.35260355,0,0,0,1,1,1,0,0,0,29,22,508
1,71.5,1,12,5.33251,1.4215,0.35540146,0,1,0,0,1,1,1,0,1,21,43,509
1,85.9,2,17,5.94213,1.38233,0.416058824,0,1,1,0,0,0,1,0,0,28,19,510
1,77.2,1,16,6.24292,1.55777,0.359375,0,1,0,0,0,1,1,1,1,24,31,511
1,66.8,2,12,4.98444,1.53762,0.381184211,0,1,0,1,1,0,1,0,1,21,29,512
1,78.8,2,19,5.9904,0.937711,0.338902439,0,1,0,0,1,1,1,0,1,25,20,513
1,71.7,2,12,5.98098,1.3092,0.376950355,0,1,0,1,0,1,0,1,1,25,20,514
1,83.2,2,18,5.11417,1.36693,0.300338983,0,1,0,1,1,1,0,0,1,23,28,515
1,73,1,16,4.30561,1.76158,0.301956522,0,1,1,0,0,1,1,0,0,20,51,516
1,68,2,14,4.68096,1.12863,0.374050633,0,1,0,1,1,1,0,0,1,21,31,517
